id,nombre,departamento,salario,fecha_contratacion
1,José López 1,Marketing,74977.75,2018-01-16
2,Carmen Ruiz 2,Ventas,41316.55,2018-01-31
3,Antonio García 3,RRHH,54865.77,2018-02-15
4,Laura Martín 4,Finanzas,74536.64,2018-03-02
5,María Pérez 5,Ingeniería,90508.37,2018-03-17
6,José López 6,Marketing,91589.1,2018-04-01
7,Carmen Ruiz 7,Ventas,70615.56,2018-04-16
8,Antonio García 8,RRHH,62624.97,2018-05-01
9,Laura Martín 9,Finanzas,64441.46,2018-05-16
10,María Pérez 10,Ingeniería,40307.9,2018-05-31
11,José López 11,Marketing,50201.18,2018-06-15
12,Carmen Ruiz 12,Ventas,75157.03,2018-06-30
13,Antonio García 13,RRHH,79747.58,2018-07-15
14,Laura Martín 14,Finanzas,96540.09,2018-07-30
15,María Pérez 15,Ingeniería,52561.25,2018-08-14
16,José López 16,Marketing,35285.0,2018-08-29
17,Carmen Ruiz 17,Ventas,81200.23,2018-09-13
18,Antonio García 18,RRHH,81915.41,2018-09-28
19,Laura Martín 19,Finanzas,94394.08,2018-10-13
20,María Pérez 20,Ingeniería,59839.52,2018-10-28
21,José López 21,Marketing,70138.68,2018-11-12
22,Carmen Ruiz 22,Ventas,36906.04,2018-11-27
23,Antonio García 23,RRHH,93268.66,2018-12-12
24,Laura Martín 24,Finanzas,74468.56,2018-12-27
25,María Pérez 25,Ingeniería,82104.58,2019-01-11
26,José López 26,Marketing,43724.47,2019-01-26
27,Carmen Ruiz 27,Ventas,93847.31,2019-02-10
28,Antonio García 28,RRHH,96080.77,2019-02-25
29,Laura Martín 29,Finanzas,73472.66,2019-03-12
30,María Pérez 30,Ingeniería,61019.0,2019-03-27
31,José López 31,Marketing,64117.09,2019-04-11
32,Carmen Ruiz 32,Ventas,33114.74,2019-04-26
33,Antonio García 33,RRHH,99843.03,2019-05-11
34,Laura Martín 34,Finanzas,97388.82,2019-05-26
35,María Pérez 35,Ingeniería,37298.72,2019-06-10
36,José López 36,Marketing,66074.02,2019-06-25
37,Carmen Ruiz 37,Ventas,81949.16,2019-07-10
38,Antonio García 38,RRHH,78133.98,2019-07-25
39,Laura Martín 39,Finanzas,72228.0,2019-08-09
40,María Pérez 40,Ingeniería,78814.11,2019-08-24
41,José López 41,Marketing,72628.03,2019-09-08
42,Carmen Ruiz 42,Ventas,31045.43,2019-09-23
43,Antonio García 43,RRHH,65763.18,2019-10-08
44,Laura Martín 44,Finanzas,45696.07,2019-10-23
45,María Pérez 45,Ingeniería,96017.97,2019-11-07
46,José López 46,Marketing,92160.17,2019-11-22
47,Carmen Ruiz 47,Ventas,88997.23,2019-12-07
48,Antonio García 48,RRHH,56311.18,2019-12-22
49,Laura Martín 49,Finanzas,59544.29,2020-01-06
50,María Pérez 50,Ingeniería,69659.46,2020-01-21
51,José López 51,Marketing,67428.43,2020-02-05
52,Carmen Ruiz 52,Ventas,86229.84,2020-02-20
53,Antonio García 53,RRHH,70645.51,2020-03-06
54,Laura Martín 54,Finanzas,68041.64,2020-03-21
55,María Pérez 55,Ingeniería,34933.69,2020-04-05
56,José López 56,Marketing,56389.75,2020-04-20
57,Carmen Ruiz 57,Ventas,58800.02,2020-05-05
58,Antonio García 58,RRHH,73187.96,2020-05-20
59,Laura Martín 59,Finanzas,38272.59,2020-06-04
60,María Pérez 60,Ingeniería,81075.9,2020-06-19
61,José López 61,Marketing,70184.59,2020-07-04
62,Carmen Ruiz 62,Ventas,69657.02,2020-07-19
63,Antonio García 63,RRHH,41047.92,2020-08-03
64,Laura Martín 64,Finanzas,80197.64,2020-08-18
65,María Pérez 65,Ingeniería,62029.65,2020-09-02
66,José López 66,Marketing,61710.9,2020-09-17
67,Carmen Ruiz 67,Ventas,31876.92,2020-10-02
68,Antonio García 68,RRHH,88703.47,2020-10-17
69,Laura Martín 69,Finanzas,86827.78,2020-11-01
70,María Pérez 70,Ingeniería,59703.01,2020-11-16
71,José López 71,Marketing,84932.23,2020-12-01
72,Carmen Ruiz 72,Ventas,54856.12,2020-12-16
73,Antonio García 73,RRHH,94416.06,2020-12-31
74,Laura Martín 74,Finanzas,85387.77,2021-01-15
75,María Pérez 75,Ingeniería,94842.62,2021-01-30
76,José López 76,Marketing,81333.52,2021-02-14
77,Carmen Ruiz 77,Ventas,55981.0,2021-03-01
78,Antonio García 78,RRHH,71799.91,2021-03-16
79,Laura Martín 79,Finanzas,60962.12,2021-03-31
80,María Pérez 80,Ingeniería,96744.86,2021-04-15
81,José López 81,Marketing,72032.42,2021-04-30
82,Carmen Ruiz 82,Ventas,93675.28,2021-05-15
83,Antonio García 83,RRHH,64331.01,2021-05-30
84,Laura Martín 84,Finanzas,63767.94,2021-06-14
85,María Pérez 85,Ingeniería,78430.61,2021-06-29
86,José López 86,Marketing,85460.49,2021-07-14
87,Carmen Ruiz 87,Ventas,73866.12,2021-07-29
88,Antonio García 88,RRHH,31097.21,2021-08-13
89,Laura Martín 89,Finanzas,93171.47,2021-08-28
90,María Pérez 90,Ingeniería,52267.22,2021-09-12
91,José López 91,Marketing,81265.64,2021-09-27
92,Carmen Ruiz 92,Ventas,58803.34,2021-10-12
93,Antonio García 93,RRHH,39317.53,2021-10-27
94,Laura Martín 94,Finanzas,75895.92,2021-11-11
95,María Pérez 95,Ingeniería,47373.09,2021-11-26
96,José López 96,Marketing,63247.2,2021-12-11
97,Carmen Ruiz 97,Ventas,88650.38,2021-12-26
98,Antonio García 98,RRHH,45678.38,2022-01-10
99,Laura Martín 99,Finanzas,46716.26,2022-01-25
100,María Pérez 100,Ingeniería,62733.83,2022-02-09
